                  epoch,         train/box_loss,         train/cls_loss,         train/dfl_loss,   metrics/precision(B),      metrics/recall(B),       metrics/mAP50(B),    metrics/mAP50-95(B),           val/box_loss,           val/cls_loss,           val/dfl_loss,                 lr/pg0,                 lr/pg1,                 lr/pg2
                      1,                 1.9046,                 2.9607,                 2.2956,                0.00333,                      1,                0.29257,                0.06893,                 1.9678,                 3.9129,                 3.2973,                 0.0001,                 0.0001,                 0.0001
                      2,                 1.5888,                 2.7618,                 1.9793,                0.00333,                      1,                 0.2326,                0.09211,                 1.5898,                 3.7932,                 2.4366,             0.00017644,             0.00017644,             0.00017644
                      3,                 1.3769,                 2.4355,                 1.7781,                0.00333,                      1,                0.46021,                0.26023,                 1.0888,                 3.3955,                 1.8016,             0.00020536,             0.00020536,             0.00020536
                      4,                 1.0999,                 2.2572,                 1.5572,                0.00333,                      1,                0.65209,                0.45506,                0.87126,                 3.0956,                 1.5699,             0.00018676,             0.00018676,             0.00018676
                      5,                 1.0923,                 1.9893,                 1.5065,                0.00333,                      1,                0.80606,                0.57431,                0.73252,                  2.963,                 1.4774,             0.00012064,             0.00012064,             0.00012064
